{
  "dataset": "toy_cave_script_sentence_centered_dataset",
  "pmi_threshold": 0.94,
  "rigidity_penalty": 1.26,
  "multi_glyph_penalty": 1.26,
  "include_repeated_glyph_compounds": true,
  "accepted_count": 18,
  "rows": [
    {
      "chunk_display": "\u2227 \u2229",
      "chunk_ids": [
        "G7",
        "G4"
      ],
      "length": 2,
      "count": 28,
      "avg_pmi": 3.4673277216553755,
      "min_pmi": 3.4673277216553755,
      "closure": 0.5960144927536233,
      "rigidity": 0.39285714285714285,
      "branching": 1.1666666666666667,
      "extension_pressure": 1.75,
      "repeated_bonus": 0.0,
      "score": 21.715718321227047,
      "kind": "likely lexical pair",
      "examples": [
        4,
        9,
        14,
        19,
        24,
        29,
        34,
        39,
        44,
        49,
        54,
        59
      ]
    },
    {
      "chunk_display": "\u2141 \u22cc",
      "chunk_ids": [
        "G8",
        "G10"
      ],
      "length": 2,
      "count": 20,
      "avg_pmi": 3.3677920481044605,
      "min_pmi": 3.3677920481044605,
      "closure": 0.47593582887700536,
      "rigidity": 0.45,
      "branching": 1.0,
      "extension_pressure": 1.5,
      "repeated_bonus": 0.0,
      "score": 19.101614603929143,
      "kind": "likely lexical pair",
      "examples": [
        65,
        70,
        75,
        80,
        85,
        90,
        95,
        100,
        105,
        110,
        115,
        120
      ]
    },
    {
      "chunk_display": "\u223c \u22cc",
      "chunk_ids": [
        "G6",
        "G10"
      ],
      "length": 2,
      "count": 20,
      "avg_pmi": 2.882365220934219,
      "min_pmi": 2.882365220934219,
      "closure": 0.39920948616600793,
      "rigidity": 0.45,
      "branching": 1.0,
      "extension_pressure": 1.5,
      "repeated_bonus": 0.0,
      "score": 16.054415890838463,
      "kind": "likely lexical pair",
      "examples": [
        64,
        69,
        74,
        79,
        84,
        89,
        94,
        99,
        104,
        109,
        114,
        119
      ]
    },
    {
      "chunk_display": "| \u2020",
      "chunk_ids": [
        "G1",
        "G5"
      ],
      "length": 2,
      "count": 78,
      "avg_pmi": 1.5239112500217424,
      "min_pmi": 1.5239112500217424,
      "closure": 0.5306122448979592,
      "rigidity": 0.5384615384615384,
      "branching": 2.8333333333333335,
      "extension_pressure": 2.0,
      "repeated_bonus": 0.0,
      "score": 9.868790178529224,
      "kind": "likely lexical pair",
      "examples": [
        11,
        12,
        13,
        14,
        15,
        26,
        27,
        28,
        29,
        30,
        41,
        42
      ]
    },
    {
      "chunk_display": "\u25cb \u00b7\u00b7\u00b7",
      "chunk_ids": [
        "G2",
        "G3"
      ],
      "length": 2,
      "count": 50,
      "avg_pmi": 1.4609014524959423,
      "min_pmi": 1.4609014524959423,
      "closure": 0.44550926659274515,
      "rigidity": 0.36,
      "branching": 2.0,
      "extension_pressure": 2.0,
      "repeated_bonus": 0.0,
      "score": 8.740173855206322,
      "kind": "likely lexical pair",
      "examples": [
        46,
        47,
        48,
        49,
        50,
        51,
        52,
        53,
        54,
        55,
        56,
        57
      ]
    },
    {
      "chunk_display": "\u00b7\u00b7\u00b7 \u25cb",
      "chunk_ids": [
        "G3",
        "G2"
      ],
      "length": 2,
      "count": 50,
      "avg_pmi": 1.4609014524959423,
      "min_pmi": 1.4609014524959423,
      "closure": 0.4201977401129944,
      "rigidity": 0.42,
      "branching": 2.3333333333333335,
      "extension_pressure": 2.0,
      "repeated_bonus": 0.0,
      "score": 8.348488496950871,
      "kind": "likely lexical pair",
      "examples": [
        31,
        32,
        33,
        34,
        35,
        36,
        37,
        38,
        39,
        40,
        41,
        42
      ]
    },
    {
      "chunk_display": "\u2132",
      "chunk_ids": [
        "G9"
      ],
      "length": 1,
      "count": 20,
      "avg_pmi": 0.0,
      "min_pmi": 0.0,
      "closure": 1.0,
      "rigidity": 0.35,
      "branching": 0.8333333333333334,
      "extension_pressure": 1.25,
      "repeated_bonus": 0.0,
      "score": 0.7048000000000001,
      "kind": "atomic glyph",
      "examples": [
        5,
        10,
        15,
        20,
        25,
        30,
        35,
        40,
        45,
        50,
        55,
        60
      ]
    },
    {
      "chunk_display": "\u2020 \u2020",
      "chunk_ids": [
        "G5",
        "G5"
      ],
      "length": 2,
      "count": 6,
      "avg_pmi": -0.9541360467829016,
      "min_pmi": -0.9541360467829016,
      "closure": 0.05918367346938776,
      "rigidity": 0.6666666666666666,
      "branching": 0.16666666666666666,
      "extension_pressure": 0.5,
      "repeated_bonus": 0.55,
      "score": 0.3347040816326533,
      "kind": "repeated-sign candidate",
      "examples": [
        86,
        116,
        126,
        136,
        146,
        156
      ]
    },
    {
      "chunk_display": "\u2141",
      "chunk_ids": [
        "G8"
      ],
      "length": 1,
      "count": 40,
      "avg_pmi": 0.0,
      "min_pmi": 0.0,
      "closure": 1.0,
      "rigidity": 0.6,
      "branching": 1.1666666666666667,
      "extension_pressure": 1.75,
      "repeated_bonus": 0.0,
      "score": -0.27169999999999983,
      "kind": "atomic glyph",
      "examples": [
        62,
        65,
        67,
        70,
        72,
        75,
        77,
        80,
        82,
        85,
        87,
        90
      ]
    },
    {
      "chunk_display": "\u2227",
      "chunk_ids": [
        "G7"
      ],
      "length": 1,
      "count": 56,
      "avg_pmi": 0.0,
      "min_pmi": 0.0,
      "closure": 1.0,
      "rigidity": 0.5178571428571429,
      "branching": 1.3333333333333333,
      "extension_pressure": 2.0,
      "repeated_bonus": 0.0,
      "score": -0.5551999999999998,
      "kind": "atomic glyph",
      "examples": [
        3,
        4,
        8,
        9,
        13,
        14,
        18,
        19,
        23,
        24,
        28,
        29
      ]
    },
    {
      "chunk_display": "\u2229",
      "chunk_ids": [
        "G4"
      ],
      "length": 1,
      "count": 56,
      "avg_pmi": 0.0,
      "min_pmi": 0.0,
      "closure": 1.0,
      "rigidity": 0.5357142857142857,
      "branching": 1.3333333333333333,
      "extension_pressure": 2.0,
      "repeated_bonus": 0.0,
      "score": -0.5551999999999998,
      "kind": "atomic glyph",
      "examples": [
        1,
        4,
        6,
        9,
        11,
        14,
        16,
        19,
        21,
        24,
        26,
        29
      ]
    },
    {
      "chunk_display": "\u223c",
      "chunk_ids": [
        "G6"
      ],
      "length": 1,
      "count": 56,
      "avg_pmi": 0.0,
      "min_pmi": 0.0,
      "closure": 1.0,
      "rigidity": 0.5357142857142857,
      "branching": 1.3333333333333333,
      "extension_pressure": 2.0,
      "repeated_bonus": 0.0,
      "score": -0.5551999999999998,
      "kind": "atomic glyph",
      "examples": [
        2,
        7,
        12,
        17,
        22,
        27,
        32,
        37,
        42,
        47,
        52,
        57
      ]
    },
    {
      "chunk_display": "\u22cc",
      "chunk_ids": [
        "G10"
      ],
      "length": 1,
      "count": 60,
      "avg_pmi": 0.0,
      "min_pmi": 0.0,
      "closure": 1.0,
      "rigidity": 0.6,
      "branching": 1.5,
      "extension_pressure": 2.0,
      "repeated_bonus": 0.0,
      "score": -0.8806999999999996,
      "kind": "atomic glyph",
      "examples": [
        63,
        64,
        65,
        68,
        69,
        70,
        73,
        74,
        75,
        78,
        79,
        80
      ]
    },
    {
      "chunk_display": "\u25cb",